replace_type,top_fraction,embedding_dim,hidden_dim,context_window,replace_frac,loss
True,0.01,64,128,115,0.1,6.09726136415031
True,0.01,64,128,115,0.05,6.2262024477035665
True,0.01,64,128,115,0.01,6.366663263375227
False,0.01,64,128,115,0.1,6.511855969518192
False,0.01,64,128,115,0.05,6.511855969518192
False,0.01,64,128,115,0.01,6.511855969518192
True,0.05,64,128,115,0.1,5.984998815558819
True,0.05,64,128,115,0.05,6.156836358940539
True,0.05,64,128,115,0.01,6.353816305985665
False,0.05,64,128,115,0.1,6.289435523150201
False,0.05,64,128,115,0.05,6.289435523150201
False,0.05,64,128,115,0.01,6.289435523150201
True,0.1,64,128,115,0.1,5.960889767002953
True,0.1,64,128,115,0.05,6.1476287969041525
True,0.1,64,128,115,0.01,6.352906022355705
False,0.1,64,128,115,0.1,6.1832601857460885
False,0.1,64,128,115,0.05,6.1832601857460885
False,0.1,64,128,115,0.01,6.22305805168334
True,0.01,64,256,115,0.1,6.121730587640726
True,0.01,64,256,115,0.05,6.230526177387989
True,0.01,64,256,115,0.01,6.367408422109428
False,0.01,64,256,115,0.1,6.478917532268587
False,0.01,64,256,115,0.05,6.478917532268587
False,0.01,64,256,115,0.01,6.478917532268587
True,0.05,64,256,115,0.1,6.001581098130214
True,0.05,64,256,115,0.05,6.158043709669037
True,0.05,64,256,115,0.01,6.343339948239413
False,0.05,64,256,115,0.1,6.249274132858498
False,0.05,64,256,115,0.05,6.249274132858498
False,0.05,64,256,115,0.01,6.249274132858498
True,0.1,64,256,115,0.1,5.976039044121979
True,0.1,64,256,115,0.05,6.158193932425801
True,0.1,64,256,115,0.01,6.3505528044532875
False,0.1,64,256,115,0.1,6.16588303435362
False,0.1,64,256,115,0.05,6.16588303435362
False,0.1,64,256,115,0.01,6.193160572878049
True,0.01,64,512,115,0.1,6.173707812332454
True,0.01,64,512,115,0.05,6.27825952117718
True,0.01,64,512,115,0.01,6.386410339093053
False,0.01,64,512,115,0.1,6.50566536581202
False,0.01,64,512,115,0.05,6.50566536581202
False,0.01,64,512,115,0.01,6.50566536581202
True,0.05,64,512,115,0.1,6.047911416401748
True,0.05,64,512,115,0.05,6.206768042963613
True,0.05,64,512,115,0.01,6.3714348533777505
False,0.05,64,512,115,0.1,6.297604307179759
False,0.05,64,512,115,0.05,6.297604307179759
False,0.05,64,512,115,0.01,6.297604307179759
True,0.1,64,512,115,0.1,6.039136232642617
True,0.1,64,512,115,0.05,6.2056046225118875
True,0.1,64,512,115,0.01,6.3818835335526005
False,0.1,64,512,115,0.1,6.214813026014364
False,0.1,64,512,115,0.05,6.214813026014364
False,0.1,64,512,115,0.01,6.239860586052557
True,0.01,128,128,115,0.1,6.123231842673345
True,0.01,128,128,115,0.05,6.246395431385887
True,0.01,128,128,115,0.01,6.364030114665102
False,0.01,128,128,115,0.1,6.436713551889164
False,0.01,128,128,115,0.05,6.436713551889164
False,0.01,128,128,115,0.01,6.436713551889164
True,0.05,128,128,115,0.1,5.99043498961074
True,0.05,128,128,115,0.05,6.176022954237613
True,0.05,128,128,115,0.01,6.338931618332711
False,0.05,128,128,115,0.1,6.227813328469753
False,0.05,128,128,115,0.05,6.227813328469753
False,0.05,128,128,115,0.01,6.227813328469753
True,0.1,128,128,115,0.1,5.99708538860955
True,0.1,128,128,115,0.05,6.1625185035415475
True,0.1,128,128,115,0.01,6.343598432552366
False,0.1,128,128,115,0.1,6.156187238453698
False,0.1,128,128,115,0.05,6.156187238453698
False,0.1,128,128,115,0.01,6.182623625349205
True,0.01,128,256,115,0.1,6.140001453879989
True,0.01,128,256,115,0.05,6.255810550080453
True,0.01,128,256,115,0.01,6.376216077469071
False,0.01,128,256,115,0.1,6.459214019712811
False,0.01,128,256,115,0.05,6.459214019712811
False,0.01,128,256,115,0.01,6.459214019712811
True,0.05,128,256,115,0.1,6.0288048757378085
True,0.05,128,256,115,0.05,6.203838500421693
True,0.05,128,256,115,0.01,6.357232712025343
False,0.05,128,256,115,0.1,6.2394608871044435
False,0.05,128,256,115,0.05,6.2394608871044435
False,0.05,128,256,115,0.01,6.2394608871044435
True,0.1,128,256,115,0.1,6.00409582740631
True,0.1,128,256,115,0.05,6.181509280690632
True,0.1,128,256,115,0.01,6.35984206403898
False,0.1,128,256,115,0.1,6.162469033376896
False,0.1,128,256,115,0.05,6.162469033376896
False,0.1,128,256,115,0.01,6.188420019462329
True,0.01,128,512,115,0.1,6.294969235875978
True,0.01,128,512,115,0.05,6.402550112713978
True,0.01,128,512,115,0.01,6.48008536174744
False,0.01,128,512,115,0.1,6.521162774124694
False,0.01,128,512,115,0.05,6.521162774124694
False,0.01,128,512,115,0.01,6.521162774124694
True,0.05,128,512,115,0.1,6.163757212931831
True,0.05,128,512,115,0.05,6.311426462596429
True,0.05,128,512,115,0.01,6.463753995265768
False,0.05,128,512,115,0.1,6.328429120050466
False,0.05,128,512,115,0.05,6.328429120050466
False,0.05,128,512,115,0.01,6.328429120050466
True,0.1,128,512,115,0.1,6.154271068863644
True,0.1,128,512,115,0.05,6.312109135915646
True,0.1,128,512,115,0.01,6.446119110060418
False,0.1,128,512,115,0.1,6.2492342831716385
False,0.1,128,512,115,0.05,6.2492342831716385
False,0.1,128,512,115,0.01,6.288417815883979
True,0.01,256,128,115,0.1,6.105301495651112
True,0.01,256,128,115,0.05,6.2118066452259715
True,0.01,256,128,115,0.01,6.331866949256713
False,0.01,256,128,115,0.1,6.379687470406927
False,0.01,256,128,115,0.05,6.379687470406927
False,0.01,256,128,115,0.01,6.379687470406927
True,0.05,256,128,115,0.1,5.962650582035164
True,0.05,256,128,115,0.05,6.132832593494741
True,0.05,256,128,115,0.01,6.314509763158262
False,0.05,256,128,115,0.1,6.195171144404886
False,0.05,256,128,115,0.05,6.195171144404886
False,0.05,256,128,115,0.01,6.195171144404886
True,0.1,256,128,115,0.1,5.928682286420107
True,0.1,256,128,115,0.05,6.08476637411985
True,0.1,256,128,115,0.01,6.279147239463389
False,0.1,256,128,115,0.1,6.11344927047641
False,0.1,256,128,115,0.05,6.11344927047641
False,0.1,256,128,115,0.01,6.1391257014407925
True,0.01,256,256,115,0.1,6.1650450700467365
True,0.01,256,256,115,0.05,6.268016228313056
True,0.01,256,256,115,0.01,6.382131325455883
False,0.01,256,256,115,0.1,6.402165482035615
False,0.01,256,256,115,0.05,6.402165482035615
False,0.01,256,256,115,0.01,6.402165482035615
True,0.05,256,256,115,0.1,6.056361863661019
True,0.05,256,256,115,0.05,6.20421552818006
True,0.05,256,256,115,0.01,6.352255163380139
False,0.05,256,256,115,0.1,6.226255972887519
False,0.05,256,256,115,0.05,6.226255972887519
False,0.05,256,256,115,0.01,6.226255972887519
True,0.1,256,256,115,0.1,6.006929201257724
True,0.1,256,256,115,0.05,6.187665869989674
True,0.1,256,256,115,0.01,6.353570565641619
False,0.1,256,256,115,0.1,6.151707513259966
False,0.1,256,256,115,0.05,6.151707513259966
False,0.1,256,256,115,0.01,6.185530696381612
True,0.01,256,512,115,0.1,6.31191607310106
True,0.01,256,512,115,0.05,6.402563696306363
True,0.01,256,512,115,0.01,6.5047486793599
False,0.01,256,512,115,0.1,6.5411580564208185
False,0.01,256,512,115,0.05,6.5411580564208185
False,0.01,256,512,115,0.01,6.5411580564208185
True,0.05,256,512,115,0.1,6.191961328224793
True,0.05,256,512,115,0.05,6.3521085500778005
True,0.05,256,512,115,0.01,6.4652401493657
False,0.05,256,512,115,0.1,6.369387305494273
False,0.05,256,512,115,0.05,6.369387305494273
False,0.05,256,512,115,0.01,6.369387305494273
True,0.1,256,512,115,0.1,6.134404752879497
True,0.1,256,512,115,0.05,6.333534712553468
True,0.1,256,512,115,0.01,6.485066770164415
False,0.1,256,512,115,0.1,6.308635161180361
False,0.1,256,512,115,0.05,6.308635161180361
False,0.1,256,512,115,0.01,6.328721755384716
True,0.01,64,128,57,0.1,6.108811401216163
True,0.01,64,128,57,0.05,6.232658491885248
True,0.01,64,128,57,0.01,6.3709992124920385
False,0.01,64,128,57,0.1,6.502222043808844
False,0.01,64,128,57,0.05,6.502222043808844
False,0.01,64,128,57,0.01,6.502222043808844
True,0.05,64,128,57,0.1,6.006470459853254
True,0.05,64,128,57,0.05,6.177945992500834
True,0.05,64,128,57,0.01,6.354662617976178
False,0.05,64,128,57,0.1,6.282201635307803
False,0.05,64,128,57,0.05,6.282201635307803
False,0.05,64,128,57,0.01,6.282201635307803
True,0.1,64,128,57,0.1,5.9741946233226715
True,0.1,64,128,57,0.05,6.1596136797852505
True,0.1,64,128,57,0.01,6.354300215095581
False,0.1,64,128,57,0.1,6.194747634905913
False,0.1,64,128,57,0.05,6.194747634905913
False,0.1,64,128,57,0.01,6.22505458676938
True,0.01,64,256,57,0.1,6.126708716778805
True,0.01,64,256,57,0.05,6.239234637581364
True,0.01,64,256,57,0.01,6.364044035786089
False,0.01,64,256,57,0.1,6.485489504913823
False,0.01,64,256,57,0.05,6.485489504913823
False,0.01,64,256,57,0.01,6.485489504913823
True,0.05,64,256,57,0.1,6.022250028136504
True,0.05,64,256,57,0.05,6.1867206610060475
True,0.05,64,256,57,0.01,6.349426162955164
False,0.05,64,256,57,0.1,6.267095243095122
False,0.05,64,256,57,0.05,6.267095243095122
False,0.05,64,256,57,0.01,6.267095243095122
True,0.1,64,256,57,0.1,5.984417330105764
True,0.1,64,256,57,0.05,6.16270354688374
True,0.1,64,256,57,0.01,6.343462279977089
False,0.1,64,256,57,0.1,6.182580835267938
False,0.1,64,256,57,0.05,6.182580835267938
False,0.1,64,256,57,0.01,6.206660271959888
True,0.01,64,512,57,0.1,6.174944157944763
True,0.01,64,512,57,0.05,6.281178208881286
True,0.01,64,512,57,0.01,6.397307894640218
False,0.01,64,512,57,0.1,6.510161813768851
False,0.01,64,512,57,0.05,6.510161813768851
False,0.01,64,512,57,0.01,6.510161813768851
True,0.05,64,512,57,0.1,6.05837775477909
True,0.05,64,512,57,0.05,6.210986782670008
True,0.05,64,512,57,0.01,6.381640135101144
False,0.05,64,512,57,0.1,6.301896025708517
False,0.05,64,512,57,0.05,6.301896025708517
False,0.05,64,512,57,0.01,6.301896025708517
True,0.1,64,512,57,0.1,6.034083758366668
True,0.1,64,512,57,0.05,6.201313136569662
True,0.1,64,512,57,0.01,6.377879034620661
False,0.1,64,512,57,0.1,6.208827980304059
False,0.1,64,512,57,0.05,6.208827980304059
False,0.1,64,512,57,0.01,6.236441255002559
True,0.01,128,128,57,0.1,6.079209405452579
True,0.01,128,128,57,0.05,6.1948469928306045
True,0.01,128,128,57,0.01,6.313288767527014
False,0.01,128,128,57,0.1,6.408710419173437
False,0.01,128,128,57,0.05,6.408710419173437
False,0.01,128,128,57,0.01,6.408710419173437
True,0.05,128,128,57,0.1,5.966858107194243
True,0.05,128,128,57,0.05,6.133043275538799
True,0.05,128,128,57,0.01,6.300507633290859
False,0.05,128,128,57,0.1,6.1909140277293915
False,0.05,128,128,57,0.05,6.1909140277293915
False,0.05,128,128,57,0.01,6.1909140277293915
True,0.1,128,128,57,0.1,5.931609541965424
True,0.1,128,128,57,0.05,6.119833024434406
True,0.1,128,128,57,0.01,6.292846070286448
False,0.1,128,128,57,0.1,6.1148157531036285
False,0.1,128,128,57,0.05,6.1148157531036285
False,0.1,128,128,57,0.01,6.139395231528068
True,0.01,128,256,57,0.1,6.096087657828618
True,0.01,128,256,57,0.05,6.2037226253939375
True,0.01,128,256,57,0.01,6.3042099798404925
False,0.01,128,256,57,0.1,6.380839234223094
False,0.01,128,256,57,0.05,6.380839234223094
False,0.01,128,256,57,0.01,6.380839234223094
True,0.05,128,256,57,0.1,5.9843580514993295
True,0.05,128,256,57,0.05,6.1431410348374955
True,0.05,128,256,57,0.01,6.291401537772512
False,0.05,128,256,57,0.1,6.178810094788386
False,0.05,128,256,57,0.05,6.178810094788386
False,0.05,128,256,57,0.01,6.178810094788386
True,0.1,128,256,57,0.1,5.947748449140675
True,0.1,128,256,57,0.05,6.119181351301677
True,0.1,128,256,57,0.01,6.284346779385978
False,0.1,128,256,57,0.1,6.099084631986717
False,0.1,128,256,57,0.05,6.099084631986717
False,0.1,128,256,57,0.01,6.122642538749247
True,0.01,128,512,57,0.1,6.147074213629759
True,0.01,128,512,57,0.05,6.250061889572786
True,0.01,128,512,57,0.01,6.3461157124231375
False,0.01,128,512,57,0.1,6.431741661111272
False,0.01,128,512,57,0.05,6.431741661111272
False,0.01,128,512,57,0.01,6.431741661111272
True,0.05,128,512,57,0.1,6.045621890548212
True,0.05,128,512,57,0.05,6.184267064857629
True,0.05,128,512,57,0.01,6.3311521052392905
False,0.05,128,512,57,0.1,6.246847316789504
False,0.05,128,512,57,0.05,6.246847316789504
False,0.05,128,512,57,0.01,6.246847316789504
True,0.1,128,512,57,0.1,6.005098083973505
True,0.1,128,512,57,0.05,6.156034019224487
True,0.1,128,512,57,0.01,6.3296757134288795
False,0.1,128,512,57,0.1,6.165015499745929
False,0.1,128,512,57,0.05,6.165015499745929
False,0.1,128,512,57,0.01,6.185950708460553
True,0.01,256,128,57,0.1,6.042255968684413
True,0.01,256,128,57,0.05,6.150976663742936
True,0.01,256,128,57,0.01,6.249908484117901
False,0.01,256,128,57,0.1,6.306940593259177
False,0.01,256,128,57,0.05,6.306940593259177
False,0.01,256,128,57,0.01,6.306940593259177
True,0.05,256,128,57,0.1,5.928013471451326
True,0.05,256,128,57,0.05,6.0794589953644875
True,0.05,256,128,57,0.01,6.235688720250607
False,0.05,256,128,57,0.1,6.118906063011553
False,0.05,256,128,57,0.05,6.118906063011553
False,0.05,256,128,57,0.01,6.118906063011553
True,0.1,256,128,57,0.1,5.879348634713104
True,0.1,256,128,57,0.05,6.042453812386447
True,0.1,256,128,57,0.01,6.225213818169245
False,0.1,256,128,57,0.1,6.03872416109919
False,0.1,256,128,57,0.05,6.03872416109919
False,0.1,256,128,57,0.01,6.063246477698008
True,0.01,256,256,57,0.1,6.044676853483928
True,0.01,256,256,57,0.05,6.136734850324685
True,0.01,256,256,57,0.01,6.232969392719681
False,0.01,256,256,57,0.1,6.28646255286096
False,0.01,256,256,57,0.05,6.28646255286096
False,0.01,256,256,57,0.01,6.28646255286096
True,0.05,256,256,57,0.1,5.929062492600341
True,0.05,256,256,57,0.05,6.089787717783544
True,0.05,256,256,57,0.01,6.234419206095196
False,0.05,256,256,57,0.1,6.105826223975635
False,0.05,256,256,57,0.05,6.105826223975635
False,0.05,256,256,57,0.01,6.105826223975635
True,0.1,256,256,57,0.1,5.8944788371637475
True,0.1,256,256,57,0.05,6.050793853739045
True,0.1,256,256,57,0.01,6.221098763366206
False,0.1,256,256,57,0.1,6.026735814695201
False,0.1,256,256,57,0.05,6.026735814695201
False,0.1,256,256,57,0.01,6.051687301215626
True,0.01,256,512,57,0.1,6.133535412979641
True,0.01,256,512,57,0.05,6.219939785282488
True,0.01,256,512,57,0.01,6.311668047394425
False,0.01,256,512,57,0.1,6.367695390745725
False,0.01,256,512,57,0.05,6.367695390745725
False,0.01,256,512,57,0.01,6.367695390745725
True,0.05,256,512,57,0.1,5.987235791092778
True,0.05,256,512,57,0.05,6.143321383860321
True,0.05,256,512,57,0.01,6.29265408640915
False,0.05,256,512,57,0.1,6.200363312742425
False,0.05,256,512,57,0.05,6.200363312742425
False,0.05,256,512,57,0.01,6.200363312742425
True,0.1,256,512,57,0.1,5.972385829808584
True,0.1,256,512,57,0.05,6.131426115996604
True,0.1,256,512,57,0.01,6.284038453760759
False,0.1,256,512,57,0.1,6.110052982250499
False,0.1,256,512,57,0.05,6.110052982250499
False,0.1,256,512,57,0.01,6.142516441139398
True,0.01,64,128,28,0.1,6.152983230383474
True,0.01,64,128,28,0.05,6.276494240500925
True,0.01,64,128,28,0.01,6.420970709019417
False,0.01,64,128,28,0.1,6.549682226831508
False,0.01,64,128,28,0.05,6.549682226831508
False,0.01,64,128,28,0.01,6.549682226831508
True,0.05,64,128,28,0.1,6.042304090073157
True,0.05,64,128,28,0.05,6.218515793027604
True,0.05,64,128,28,0.01,6.407244393195478
False,0.05,64,128,28,0.1,6.342960554895224
False,0.05,64,128,28,0.05,6.342960554895224
False,0.05,64,128,28,0.01,6.342960554895224
True,0.1,64,128,28,0.1,6.019671666105448
True,0.1,64,128,28,0.05,6.201855554160364
True,0.1,64,128,28,0.01,6.4035316002424985
False,0.1,64,128,28,0.1,6.247502076700137
False,0.1,64,128,28,0.05,6.247502076700137
False,0.1,64,128,28,0.01,6.282360994856242
True,0.01,64,256,28,0.1,6.13097306107211
True,0.01,64,256,28,0.05,6.25411548164626
True,0.01,64,256,28,0.01,6.390552767210239
False,0.01,64,256,28,0.1,6.520025427422901
False,0.01,64,256,28,0.05,6.520025427422901
False,0.01,64,256,28,0.01,6.520025427422901
True,0.05,64,256,28,0.1,6.027259640069436
True,0.05,64,256,28,0.05,6.19331682216395
True,0.05,64,256,28,0.01,6.378528207430781
False,0.05,64,256,28,0.1,6.314973362248932
False,0.05,64,256,28,0.05,6.314973362248932
False,0.05,64,256,28,0.01,6.314973362248932
True,0.1,64,256,28,0.1,5.996004155877164
True,0.1,64,256,28,0.05,6.1761858076599205
True,0.1,64,256,28,0.01,6.37185222490422
False,0.1,64,256,28,0.1,6.221046580143969
False,0.1,64,256,28,0.05,6.221046580143969
False,0.1,64,256,28,0.01,6.250869760502528
True,0.01,64,512,28,0.1,6.19467718920816
True,0.01,64,512,28,0.05,6.302452455455756
True,0.01,64,512,28,0.01,6.420187225535098
False,0.01,64,512,28,0.1,6.536405052376829
False,0.01,64,512,28,0.05,6.536405052376829
False,0.01,64,512,28,0.01,6.536405052376829
True,0.05,64,512,28,0.1,6.079352821315887
True,0.05,64,512,28,0.05,6.239918483741641
True,0.05,64,512,28,0.01,6.404023926707702
False,0.05,64,512,28,0.1,6.3334113367491
False,0.05,64,512,28,0.05,6.3334113367491
False,0.05,64,512,28,0.01,6.3334113367491
True,0.1,64,512,28,0.1,6.051480489912106
True,0.1,64,512,28,0.05,6.224386813659629
True,0.1,64,512,28,0.01,6.400385935826044
False,0.1,64,512,28,0.1,6.239724775282138
False,0.1,64,512,28,0.05,6.239724775282138
False,0.1,64,512,28,0.01,6.266201506136961
True,0.01,128,128,28,0.1,6.097593477311099
True,0.01,128,128,28,0.05,6.202196278655
True,0.01,128,128,28,0.01,6.3221129335058075
False,0.01,128,128,28,0.1,6.426111934491928
False,0.01,128,128,28,0.05,6.426111934491928
False,0.01,128,128,28,0.01,6.426111934491928
True,0.05,128,128,28,0.1,5.986170717874699
True,0.05,128,128,28,0.05,6.146061093863455
True,0.05,128,128,28,0.01,6.305399259186431
False,0.05,128,128,28,0.1,6.222519258270592
False,0.05,128,128,28,0.05,6.222519258270592
False,0.05,128,128,28,0.01,6.222519258270592
True,0.1,128,128,28,0.1,5.940496363470693
True,0.1,128,128,28,0.05,6.1190231449165715
True,0.1,128,128,28,0.01,6.299587741177479
False,0.1,128,128,28,0.1,6.143758499862667
False,0.1,128,128,28,0.05,6.143758499862667
False,0.1,128,128,28,0.01,6.167571021066771
True,0.01,128,256,28,0.1,6.07319777503206
True,0.01,128,256,28,0.05,6.181023804211711
True,0.01,128,256,28,0.01,6.302116779792427
False,0.01,128,256,28,0.1,6.399907976116233
False,0.01,128,256,28,0.05,6.399907976116233
False,0.01,128,256,28,0.01,6.399907976116233
True,0.05,128,256,28,0.1,5.966053478586822
True,0.05,128,256,28,0.05,6.123302597617317
True,0.05,128,256,28,0.01,6.285352561290541
False,0.05,128,256,28,0.1,6.200593010143561
False,0.05,128,256,28,0.05,6.200593010143561
False,0.05,128,256,28,0.01,6.200593010143561
True,0.1,128,256,28,0.1,5.9296460363399115
True,0.1,128,256,28,0.05,6.099926715891298
True,0.1,128,256,28,0.01,6.278076900454921
False,0.1,128,256,28,0.1,6.1155745939231325
False,0.1,128,256,28,0.05,6.1155745939231325
False,0.1,128,256,28,0.01,6.139876244518456
True,0.01,128,512,28,0.1,6.123851813044856
True,0.01,128,512,28,0.05,6.219566472946222
True,0.01,128,512,28,0.01,6.31471478547501
False,0.01,128,512,28,0.1,6.412821957087318
False,0.01,128,512,28,0.05,6.412821957087318
False,0.01,128,512,28,0.01,6.412821957087318
True,0.05,128,512,28,0.1,6.000823120957698
True,0.05,128,512,28,0.05,6.153765116478089
True,0.05,128,512,28,0.01,6.301420402815416
False,0.05,128,512,28,0.1,6.223894650509109
False,0.05,128,512,28,0.05,6.223894650509109
False,0.05,128,512,28,0.01,6.223894650509109
True,0.1,128,512,28,0.1,5.975484474441207
True,0.1,128,512,28,0.05,6.133473964452109
True,0.1,128,512,28,0.01,6.294711273335623
False,0.1,128,512,28,0.1,6.134308900249404
False,0.1,128,512,28,0.05,6.134308900249404
False,0.1,128,512,28,0.01,6.158524997139345
True,0.01,256,128,28,0.1,6.03079374633274
True,0.01,256,128,28,0.05,6.136221155919177
True,0.01,256,128,28,0.01,6.240403909878962
False,0.01,256,128,28,0.1,6.30686353428148
False,0.01,256,128,28,0.05,6.30686353428148
False,0.01,256,128,28,0.01,6.30686353428148
True,0.05,256,128,28,0.1,5.908846614598176
True,0.05,256,128,28,0.05,6.062794888086052
True,0.05,256,128,28,0.01,6.215251637228266
False,0.05,256,128,28,0.1,6.122820833848728
False,0.05,256,128,28,0.05,6.122820833848728
False,0.05,256,128,28,0.01,6.122820833848728
True,0.1,256,128,28,0.1,5.878731337452703
True,0.1,256,128,28,0.05,6.0442502456994065
True,0.1,256,128,28,0.01,6.208261634513346
False,0.1,256,128,28,0.1,6.040893098831803
False,0.1,256,128,28,0.05,6.040893098831803
False,0.1,256,128,28,0.01,6.067433057223003
True,0.01,256,256,28,0.1,6.026186930381884
True,0.01,256,256,28,0.05,6.125470092809317
True,0.01,256,256,28,0.01,6.230825734587843
False,0.01,256,256,28,0.1,6.2905360123091745
False,0.01,256,256,28,0.05,6.2905360123091745
False,0.01,256,256,28,0.01,6.2905360123091745
True,0.05,256,256,28,0.1,5.903459453864371
True,0.05,256,256,28,0.05,6.0515204605509165
True,0.05,256,256,28,0.01,6.202364782017905
False,0.05,256,256,28,0.1,6.111379053906361
False,0.05,256,256,28,0.05,6.111379053906361
False,0.05,256,256,28,0.01,6.111379053906361
True,0.1,256,256,28,0.1,5.867714023308481
True,0.1,256,256,28,0.05,6.026652778313148
True,0.1,256,256,28,0.01,6.197682686098196
False,0.1,256,256,28,0.1,6.026738627532061
False,0.1,256,256,28,0.05,6.026738627532061
False,0.1,256,256,28,0.01,6.052223676371612
True,0.01,256,512,28,0.1,6.072514046885983
True,0.01,256,512,28,0.05,6.1537618932598495
True,0.01,256,512,28,0.01,6.238827364308536
False,0.01,256,512,28,0.1,6.298997036884288
False,0.01,256,512,28,0.05,6.298997036884288
False,0.01,256,512,28,0.01,6.298997036884288
True,0.05,256,512,28,0.1,5.946825339510727
True,0.05,256,512,28,0.05,6.085518311882318
True,0.05,256,512,28,0.01,6.227254084807898
False,0.05,256,512,28,0.1,6.137434611731259
False,0.05,256,512,28,0.05,6.137434611731259
False,0.05,256,512,28,0.01,6.137434611731259
True,0.1,256,512,28,0.1,5.923148105427064
True,0.1,256,512,28,0.05,6.070182835789359
True,0.1,256,512,28,0.01,6.218570420355347
False,0.1,256,512,28,0.1,6.047355117862517
False,0.1,256,512,28,0.05,6.047355117862517
False,0.1,256,512,28,0.01,6.069495026427576
True,0.01,64,128,14,0.1,6.165772785833977
True,0.01,64,128,14,0.05,6.285889115840623
True,0.01,64,128,14,0.01,6.428760325511891
False,0.01,64,128,14,0.1,6.5656070926517875
False,0.01,64,128,14,0.05,6.5656070926517875
False,0.01,64,128,14,0.01,6.5656070926517875
True,0.05,64,128,14,0.1,6.056366584489689
True,0.05,64,128,14,0.05,6.227848862198864
True,0.05,64,128,14,0.01,6.413746459333475
False,0.05,64,128,14,0.1,6.368298654503082
False,0.05,64,128,14,0.05,6.368298654503082
False,0.05,64,128,14,0.01,6.368298654503082
True,0.1,64,128,14,0.1,6.0345007689146675
True,0.1,64,128,14,0.05,6.216275031426425
True,0.1,64,128,14,0.01,6.4131514104003395
False,0.1,64,128,14,0.1,6.271971658213888
False,0.1,64,128,14,0.05,6.271971658213888
False,0.1,64,128,14,0.01,6.305638104017727
True,0.01,64,256,14,0.1,6.13167122790505
True,0.01,64,256,14,0.05,6.251907590449798
True,0.01,64,256,14,0.01,6.385569325260353
False,0.01,64,256,14,0.1,6.518287046213537
False,0.01,64,256,14,0.05,6.518287046213537
False,0.01,64,256,14,0.01,6.518287046213537
True,0.05,64,256,14,0.1,6.022449512251536
True,0.05,64,256,14,0.05,6.191458649920572
True,0.05,64,256,14,0.01,6.37117036681992
False,0.05,64,256,14,0.1,6.321419455586075
False,0.05,64,256,14,0.05,6.321419455586075
False,0.05,64,256,14,0.01,6.321419455586075
True,0.1,64,256,14,0.1,5.9953322989616185
True,0.1,64,256,14,0.05,6.17911588080508
True,0.1,64,256,14,0.01,6.3714445891058205
False,0.1,64,256,14,0.1,6.221874344088595
False,0.1,64,256,14,0.05,6.221874344088595
False,0.1,64,256,14,0.01,6.254901616112941
True,0.01,64,512,14,0.1,6.183269335123162
True,0.01,64,512,14,0.05,6.292290713548843
True,0.01,64,512,14,0.01,6.410925500648707
False,0.01,64,512,14,0.1,6.527086511693779
False,0.01,64,512,14,0.05,6.527086511693779
False,0.01,64,512,14,0.01,6.527086511693779
True,0.05,64,512,14,0.1,6.067041271536242
True,0.05,64,512,14,0.05,6.227206347656278
True,0.05,64,512,14,0.01,6.394076787127359
False,0.05,64,512,14,0.1,6.334675112970415
False,0.05,64,512,14,0.05,6.334675112970415
False,0.05,64,512,14,0.01,6.334675112970415
True,0.1,64,512,14,0.1,6.0410922799933156
True,0.1,64,512,14,0.05,6.211860849639085
True,0.1,64,512,14,0.01,6.388085418157566
False,0.1,64,512,14,0.1,6.23608645980494
False,0.1,64,512,14,0.05,6.23608645980494
False,0.1,64,512,14,0.01,6.266083232877831
True,0.01,128,128,14,0.1,6.113453614403645
True,0.01,128,128,14,0.05,6.224588345057644
True,0.01,128,128,14,0.01,6.342929320766316
False,0.01,128,128,14,0.1,6.464638816806657
False,0.01,128,128,14,0.05,6.464638816806657
False,0.01,128,128,14,0.01,6.464638816806657
True,0.05,128,128,14,0.1,5.99454299356521
True,0.05,128,128,14,0.05,6.152861867686817
True,0.05,128,128,14,0.01,6.3269893122416425
False,0.05,128,128,14,0.1,6.263235695184522
False,0.05,128,128,14,0.05,6.263235695184522
False,0.05,128,128,14,0.01,6.263235695184522
True,0.1,128,128,14,0.1,5.971789665676911
True,0.1,128,128,14,0.05,6.142715001635579
True,0.1,128,128,14,0.01,6.32653249791568
False,0.1,128,128,14,0.1,6.1737651447910675
False,0.1,128,128,14,0.05,6.1737651447910675
False,0.1,128,128,14,0.01,6.204833227599612
True,0.01,128,256,14,0.1,6.065870904048113
True,0.01,128,256,14,0.05,6.170992281142189
True,0.01,128,256,14,0.01,6.283105783729182
False,0.01,128,256,14,0.1,6.392841082588199
False,0.01,128,256,14,0.05,6.392841082588199
False,0.01,128,256,14,0.01,6.392841082588199
True,0.05,128,256,14,0.1,5.947316650330688
True,0.05,128,256,14,0.05,6.10247402167521
True,0.05,128,256,14,0.01,6.262201824371103
False,0.05,128,256,14,0.1,6.191509248042992
False,0.05,128,256,14,0.05,6.191509248042992
False,0.05,128,256,14,0.01,6.191509248042992
True,0.1,128,256,14,0.1,5.91893727206353
True,0.1,128,256,14,0.05,6.087162890995219
True,0.1,128,256,14,0.01,6.2601178793548895
False,0.1,128,256,14,0.1,6.102649221670258
False,0.1,128,256,14,0.05,6.102649221670258
False,0.1,128,256,14,0.01,6.131163650421051
True,0.01,128,512,14,0.1,6.107436491325261
True,0.01,128,512,14,0.05,6.199548046412719
True,0.01,128,512,14,0.01,6.296840657555467
False,0.01,128,512,14,0.1,6.397789416278926
False,0.01,128,512,14,0.05,6.397789416278926
False,0.01,128,512,14,0.01,6.397789416278926
True,0.05,128,512,14,0.1,5.986817140375146
True,0.05,128,512,14,0.05,6.134175079971218
True,0.05,128,512,14,0.01,6.282343148081351
False,0.05,128,512,14,0.1,6.204352255616072
False,0.05,128,512,14,0.05,6.204352255616072
False,0.05,128,512,14,0.01,6.204352255616072
True,0.1,128,512,14,0.1,5.9609494131760705
True,0.1,128,512,14,0.05,6.115423367098303
True,0.1,128,512,14,0.01,6.27936162137163
False,0.1,128,512,14,0.1,6.111225294773927
False,0.1,128,512,14,0.05,6.111225294773927
False,0.1,128,512,14,0.01,6.137648777393128
True,0.01,256,128,14,0.1,6.0454759071416575
True,0.01,256,128,14,0.05,6.134584381301266
True,0.01,256,128,14,0.01,6.242113403719291
False,0.01,256,128,14,0.1,6.325164359091565
False,0.01,256,128,14,0.05,6.325164359091565
False,0.01,256,128,14,0.01,6.325164359091565
True,0.05,256,128,14,0.1,5.91537128082884
True,0.05,256,128,14,0.05,6.062747183910266
True,0.05,256,128,14,0.01,6.221557314720709
False,0.05,256,128,14,0.1,6.1358585445450915
False,0.05,256,128,14,0.05,6.1358585445450915
False,0.05,256,128,14,0.01,6.1358585445450915
True,0.1,256,128,14,0.1,5.881520389628364
True,0.1,256,128,14,0.05,6.043706057200408
True,0.1,256,128,14,0.01,6.211885355063939
False,0.1,256,128,14,0.1,6.053140862172068
False,0.1,256,128,14,0.05,6.053140862172068
False,0.1,256,128,14,0.01,6.079344570299951
True,0.01,256,256,14,0.1,6.018914161963179
True,0.01,256,256,14,0.05,6.109017008614937
True,0.01,256,256,14,0.01,6.207237378058851
False,0.01,256,256,14,0.1,6.286826684356653
False,0.01,256,256,14,0.05,6.286826684356653
False,0.01,256,256,14,0.01,6.286826684356653
True,0.05,256,256,14,0.1,5.892641189186925
True,0.05,256,256,14,0.05,6.038860699597756
True,0.05,256,256,14,0.01,6.18666800546627
False,0.05,256,256,14,0.1,6.097765872430768
False,0.05,256,256,14,0.05,6.097765872430768
False,0.05,256,256,14,0.01,6.097765872430768
True,0.1,256,256,14,0.1,5.8583968299585365
True,0.1,256,256,14,0.05,6.017584151285771
True,0.1,256,256,14,0.01,6.181613572926445
False,0.1,256,256,14,0.1,6.00912796696156
False,0.1,256,256,14,0.05,6.00912796696156
False,0.1,256,256,14,0.01,6.0360590410408115
True,0.01,256,512,14,0.1,6.04285693697957
True,0.01,256,512,14,0.05,6.126306242471901
True,0.01,256,512,14,0.01,6.2090391219933405
False,0.01,256,512,14,0.1,6.288846527637931
False,0.01,256,512,14,0.05,6.288846527637931
False,0.01,256,512,14,0.01,6.288846527637931
True,0.05,256,512,14,0.1,5.919427765023717
True,0.05,256,512,14,0.05,6.050651871603094
True,0.05,256,512,14,0.01,6.193429595985787
False,0.05,256,512,14,0.1,6.106874377097109
False,0.05,256,512,14,0.05,6.106874377097109
False,0.05,256,512,14,0.01,6.106874377097109
True,0.1,256,512,14,0.1,5.88701002704976
True,0.1,256,512,14,0.05,6.0330870546899495
True,0.1,256,512,14,0.01,6.187273985618777
False,0.1,256,512,14,0.1,6.0116460952342985
False,0.1,256,512,14,0.05,6.0116460952342985
False,0.1,256,512,14,0.01,6.039700027473608
True,0.01,64,128,7,0.1,6.158022910001254
True,0.01,64,128,7,0.05,6.288957922958675
True,0.01,64,128,7,0.01,6.439411861419956
False,0.01,64,128,7,0.1,6.582929915080881
False,0.01,64,128,7,0.05,6.582929915080881
False,0.01,64,128,7,0.01,6.582929915080881
True,0.05,64,128,7,0.1,6.054318550990563
True,0.05,64,128,7,0.05,6.229238040769432
True,0.05,64,128,7,0.01,6.422855439915667
False,0.05,64,128,7,0.1,6.405082866977009
False,0.05,64,128,7,0.05,6.405082866977009
False,0.05,64,128,7,0.01,6.405082866977009
True,0.1,64,128,7,0.1,6.027340284512813
True,0.1,64,128,7,0.05,6.217072721271822
True,0.1,64,128,7,0.01,6.422123390352951
False,0.1,64,128,7,0.1,6.301507077959884
False,0.1,64,128,7,0.05,6.301507077959884
False,0.1,64,128,7,0.01,6.339995887232489
True,0.01,64,256,7,0.1,6.120627324948192
True,0.01,64,256,7,0.05,6.242241167743156
True,0.01,64,256,7,0.01,6.377369354801248
False,0.01,64,256,7,0.1,6.511488646841402
False,0.01,64,256,7,0.05,6.511488646841402
False,0.01,64,256,7,0.01,6.511488646841402
True,0.05,64,256,7,0.1,6.013957760075093
True,0.05,64,256,7,0.05,6.182287300703393
True,0.05,64,256,7,0.01,6.361530789987922
False,0.05,64,256,7,0.1,6.33470828721519
False,0.05,64,256,7,0.05,6.33470828721519
False,0.05,64,256,7,0.01,6.33470828721519
True,0.1,64,256,7,0.1,5.98174899541642
True,0.1,64,256,7,0.05,6.167809423601226
True,0.1,64,256,7,0.01,6.3618694847739405
False,0.1,64,256,7,0.1,6.228574404032117
False,0.1,64,256,7,0.05,6.228574404032117
False,0.1,64,256,7,0.01,6.267423145188083
True,0.01,64,512,7,0.1,6.1575356195907425
True,0.01,64,512,7,0.05,6.268724723187482
True,0.01,64,512,7,0.01,6.393230351577425
False,0.01,64,512,7,0.1,6.511902307065576
False,0.01,64,512,7,0.05,6.511902307065576
False,0.01,64,512,7,0.01,6.511902307065576
True,0.05,64,512,7,0.1,6.046508853519216
True,0.05,64,512,7,0.05,6.204349221196212
True,0.05,64,512,7,0.01,6.369891426634621
False,0.05,64,512,7,0.1,6.332308631777516
False,0.05,64,512,7,0.05,6.332308631777516
False,0.05,64,512,7,0.01,6.332308631777516
True,0.1,64,512,7,0.1,6.02030564816415
True,0.1,64,512,7,0.05,6.188831164362236
True,0.1,64,512,7,0.01,6.369204792964733
False,0.1,64,512,7,0.1,6.227095029534098
False,0.1,64,512,7,0.05,6.227095029534098
False,0.1,64,512,7,0.01,6.262446042298967
True,0.01,128,128,7,0.1,6.116383929939433
True,0.01,128,128,7,0.05,6.22523480807821
True,0.01,128,128,7,0.01,6.3508550900948135
False,0.01,128,128,7,0.1,6.487266225231789
False,0.01,128,128,7,0.05,6.487266225231789
False,0.01,128,128,7,0.01,6.487266225231789
True,0.05,128,128,7,0.1,6.003556733438916
True,0.05,128,128,7,0.05,6.161187719592142
True,0.05,128,128,7,0.01,6.334559484053282
False,0.05,128,128,7,0.1,6.295227577786176
False,0.05,128,128,7,0.05,6.295227577786176
False,0.05,128,128,7,0.01,6.295227577786176
True,0.1,128,128,7,0.1,5.974161553637536
True,0.1,128,128,7,0.05,6.145836800813788
True,0.1,128,128,7,0.01,6.330599196483632
False,0.1,128,128,7,0.1,6.194592242365891
False,0.1,128,128,7,0.05,6.194592242365891
False,0.1,128,128,7,0.01,6.233056086533652
True,0.01,128,256,7,0.1,6.065502602230694
True,0.01,128,256,7,0.05,6.165137333804052
True,0.01,128,256,7,0.01,6.278784696457228
False,0.01,128,256,7,0.1,6.401482863855746
False,0.01,128,256,7,0.05,6.401482863855746
False,0.01,128,256,7,0.01,6.401482863855746
True,0.05,128,256,7,0.1,5.948984218084401
True,0.05,128,256,7,0.05,6.099945703783001
True,0.05,128,256,7,0.01,6.26211884048616
False,0.05,128,256,7,0.1,6.21456604249704
False,0.05,128,256,7,0.05,6.21456604249704
False,0.05,128,256,7,0.01,6.21456604249704
True,0.1,128,256,7,0.1,5.91736013856024
True,0.1,128,256,7,0.05,6.084287410428889
True,0.1,128,256,7,0.01,6.261537048255292
False,0.1,128,256,7,0.1,6.115955268005586
False,0.1,128,256,7,0.05,6.115955268005586
False,0.1,128,256,7,0.01,6.15034857297247
True,0.01,128,512,7,0.1,6.097785192601363
True,0.01,128,512,7,0.05,6.180531500188153
True,0.01,128,512,7,0.01,6.278032239494867
False,0.01,128,512,7,0.1,6.382013280924226
False,0.01,128,512,7,0.05,6.382013280924226
False,0.01,128,512,7,0.01,6.382013280924226
True,0.05,128,512,7,0.1,5.976098003712864
True,0.05,128,512,7,0.05,6.114451715320491
True,0.05,128,512,7,0.01,6.256158143978349
False,0.05,128,512,7,0.1,6.1996609103140345
False,0.05,128,512,7,0.05,6.1996609103140345
False,0.05,128,512,7,0.01,6.1996609103140345
True,0.1,128,512,7,0.1,5.9397966583855215
True,0.1,128,512,7,0.05,6.0937465156520965
True,0.1,128,512,7,0.01,6.259702279153912
False,0.1,128,512,7,0.1,6.101592415217248
False,0.1,128,512,7,0.05,6.101592415217248
False,0.1,128,512,7,0.01,6.1325912875572195
True,0.01,256,128,7,0.1,6.061481881796138
True,0.01,256,128,7,0.05,6.151514982404504
True,0.01,256,128,7,0.01,6.257442584557015
False,0.01,256,128,7,0.1,6.362131331943969
False,0.01,256,128,7,0.05,6.362131331943969
False,0.01,256,128,7,0.01,6.362131331943969
True,0.05,256,128,7,0.1,5.941484740914589
True,0.05,256,128,7,0.05,6.083900579843497
True,0.05,256,128,7,0.01,6.236330222989627
False,0.05,256,128,7,0.1,6.175214724763041
False,0.05,256,128,7,0.05,6.175214724763041
False,0.05,256,128,7,0.01,6.175214724763041
True,0.1,256,128,7,0.1,5.909259855975376
True,0.1,256,128,7,0.05,6.069307168701424
True,0.1,256,128,7,0.01,6.2329375974801104
False,0.1,256,128,7,0.1,6.087396505515134
False,0.1,256,128,7,0.05,6.087396505515134
False,0.1,256,128,7,0.01,6.1176256730716325
True,0.01,256,256,7,0.1,6.011457032091066
True,0.01,256,256,7,0.05,6.098589900180429
True,0.01,256,256,7,0.01,6.188874480040394
False,0.01,256,256,7,0.1,6.2877542757622065
False,0.01,256,256,7,0.05,6.2877542757622065
False,0.01,256,256,7,0.01,6.2877542757622065
True,0.05,256,256,7,0.1,5.893406879088789
True,0.05,256,256,7,0.05,6.027244704189748
True,0.05,256,256,7,0.01,6.170487979078027
False,0.05,256,256,7,0.1,6.116023881380377
False,0.05,256,256,7,0.05,6.116023881380377
False,0.05,256,256,7,0.01,6.116023881380377
True,0.1,256,256,7,0.1,5.857908654189484
True,0.1,256,256,7,0.05,6.009761528973852
True,0.1,256,256,7,0.01,6.168289884989532
False,0.1,256,256,7,0.1,6.023582806871781
False,0.1,256,256,7,0.05,6.023582806871781
False,0.1,256,256,7,0.01,6.051903836461441
True,0.01,256,512,7,0.1,6.028275438127027
True,0.01,256,512,7,0.05,6.105509250077377
True,0.01,256,512,7,0.01,6.191422262661465
False,0.01,256,512,7,0.1,6.286007350926359
False,0.01,256,512,7,0.05,6.286007350926359
False,0.01,256,512,7,0.01,6.286007350926359
True,0.05,256,512,7,0.1,5.911613023292831
True,0.05,256,512,7,0.05,6.040728591124744
True,0.05,256,512,7,0.01,6.1749238237803254
False,0.05,256,512,7,0.1,6.111548952266967
False,0.05,256,512,7,0.05,6.111548952266967
False,0.05,256,512,7,0.01,6.111548952266967
True,0.1,256,512,7,0.1,5.87543866574484
True,0.1,256,512,7,0.05,6.0165718116230416
True,0.1,256,512,7,0.01,6.168474566501479
False,0.1,256,512,7,0.1,6.014304311974893
False,0.1,256,512,7,0.05,6.014304311974893
False,0.1,256,512,7,0.01,6.042916285848692
True,0.01,64,128,3,0.1,6.134558887505331
True,0.01,64,128,3,0.05,6.257242762391885
True,0.01,64,128,3,0.01,6.389603735359267
False,0.01,64,128,3,0.1,6.537068247008517
False,0.01,64,128,3,0.05,6.537068247008517
False,0.01,64,128,3,0.01,6.537068247008517
True,0.05,64,128,3,0.1,6.024986396107575
True,0.05,64,128,3,0.05,6.195247862446882
True,0.05,64,128,3,0.01,6.377284624048903
False,0.05,64,128,3,0.1,6.368458099559231
False,0.05,64,128,3,0.05,6.368458099559231
False,0.05,64,128,3,0.01,6.368458099559231
True,0.1,64,128,3,0.1,6.002113089360339
True,0.1,64,128,3,0.05,6.183126773485175
True,0.1,64,128,3,0.01,6.373256131660612
False,0.1,64,128,3,0.1,6.270158578554152
False,0.1,64,128,3,0.05,6.270158578554152
False,0.1,64,128,3,0.01,6.305545938527352
True,0.01,64,256,3,0.1,6.110153658408906
True,0.01,64,256,3,0.05,6.222129522439519
True,0.01,64,256,3,0.01,6.3431124049580925
False,0.01,64,256,3,0.1,6.471446406979909
False,0.01,64,256,3,0.05,6.471446406979909
False,0.01,64,256,3,0.01,6.471446406979909
True,0.05,64,256,3,0.1,5.995833533612704
True,0.05,64,256,3,0.05,6.15436750671483
True,0.05,64,256,3,0.01,6.327043188843333
False,0.05,64,256,3,0.1,6.301614468272648
False,0.05,64,256,3,0.05,6.301614468272648
False,0.05,64,256,3,0.01,6.301614468272648
True,0.1,64,256,3,0.1,5.969627034898392
True,0.1,64,256,3,0.05,6.142368934117224
True,0.1,64,256,3,0.01,6.323059644723781
False,0.1,64,256,3,0.1,6.198495480926554
False,0.1,64,256,3,0.05,6.198495480926554
False,0.1,64,256,3,0.01,6.235745990338481
True,0.01,64,512,3,0.1,6.118437899366722
True,0.01,64,512,3,0.05,6.215316820038616
True,0.01,64,512,3,0.01,6.3249405091905135
False,0.01,64,512,3,0.1,6.442306903191624
False,0.01,64,512,3,0.05,6.442306903191624
False,0.01,64,512,3,0.01,6.442306903191624
True,0.05,64,512,3,0.1,6.001108502216985
True,0.05,64,512,3,0.05,6.149563796581683
True,0.05,64,512,3,0.01,6.3088623930773355
False,0.05,64,512,3,0.1,6.274906513584998
False,0.05,64,512,3,0.05,6.274906513584998
False,0.05,64,512,3,0.01,6.274906513584998
True,0.1,64,512,3,0.1,5.9717814090636
True,0.1,64,512,3,0.05,6.1366022664751165
True,0.1,64,512,3,0.01,6.307548516169791
False,0.1,64,512,3,0.1,6.170175813775957
False,0.1,64,512,3,0.05,6.170175813775957
False,0.1,64,512,3,0.01,6.205238509389367
True,0.01,128,128,3,0.1,6.096430313573717
True,0.01,128,128,3,0.05,6.20501719887086
True,0.01,128,128,3,0.01,6.33106128226689
False,0.01,128,128,3,0.1,6.465813575121756
False,0.01,128,128,3,0.05,6.465813575121756
False,0.01,128,128,3,0.01,6.465813575121756
True,0.05,128,128,3,0.1,5.983290724138796
True,0.05,128,128,3,0.05,6.143038597522739
True,0.05,128,128,3,0.01,6.314856447639339
False,0.05,128,128,3,0.1,6.28901472288452
False,0.05,128,128,3,0.05,6.28901472288452
False,0.05,128,128,3,0.01,6.28901472288452
True,0.1,128,128,3,0.1,5.958892056172869
True,0.1,128,128,3,0.05,6.130137765912977
True,0.1,128,128,3,0.01,6.310592713338114
False,0.1,128,128,3,0.1,6.191922069825744
False,0.1,128,128,3,0.05,6.191922069825744
False,0.1,128,128,3,0.01,6.225274299324539
True,0.01,128,256,3,0.1,6.051100698354741
True,0.01,128,256,3,0.05,6.1478832993460975
True,0.01,128,256,3,0.01,6.256007101067234
False,0.01,128,256,3,0.1,6.374760829947371
False,0.01,128,256,3,0.05,6.374760829947371
False,0.01,128,256,3,0.01,6.374760829947371
True,0.05,128,256,3,0.1,5.935535804489457
True,0.05,128,256,3,0.05,6.084768698420692
True,0.05,128,256,3,0.01,6.239811515804629
False,0.05,128,256,3,0.1,6.202012866460588
False,0.05,128,256,3,0.05,6.202012866460588
False,0.05,128,256,3,0.01,6.202012866460588
True,0.1,128,256,3,0.1,5.903662816907405
True,0.1,128,256,3,0.05,6.067322681841138
True,0.1,128,256,3,0.01,6.233600690698507
False,0.1,128,256,3,0.1,6.103598465334899
False,0.1,128,256,3,0.05,6.103598465334899
False,0.1,128,256,3,0.01,6.136409578250007
True,0.01,128,512,3,0.1,6.06610518389067
True,0.01,128,512,3,0.05,6.1531554270049655
True,0.01,128,512,3,0.01,6.243763193448466
False,0.01,128,512,3,0.1,6.35239424539844
False,0.01,128,512,3,0.05,6.35239424539844
False,0.01,128,512,3,0.01,6.35239424539844
True,0.05,128,512,3,0.1,5.945659839217382
True,0.05,128,512,3,0.05,6.081047201134018
True,0.05,128,512,3,0.01,6.226224777575183
False,0.05,128,512,3,0.1,6.183474412318511
False,0.05,128,512,3,0.05,6.183474412318511
False,0.05,128,512,3,0.01,6.183474412318511
True,0.1,128,512,3,0.1,5.915681115433067
True,0.1,128,512,3,0.05,6.068840178975405
True,0.1,128,512,3,0.01,6.223488359697091
False,0.1,128,512,3,0.1,6.08483361507765
False,0.1,128,512,3,0.05,6.08483361507765
False,0.1,128,512,3,0.01,6.115879530425338
True,0.01,256,128,3,0.1,6.062462998941904
True,0.01,256,128,3,0.05,6.162947848806978
True,0.01,256,128,3,0.01,6.273324930812592
False,0.01,256,128,3,0.1,6.3878171904853405
False,0.01,256,128,3,0.05,6.3878171904853405
False,0.01,256,128,3,0.01,6.3878171904853405
True,0.05,256,128,3,0.1,5.950138581950302
True,0.05,256,128,3,0.05,6.094296241396737
True,0.05,256,128,3,0.01,6.253833074139643
False,0.05,256,128,3,0.1,6.212014049051506
False,0.05,256,128,3,0.05,6.212014049051506
False,0.05,256,128,3,0.01,6.212014049051506
True,0.1,256,128,3,0.1,5.919816458004918
True,0.1,256,128,3,0.05,6.081618457977199
True,0.1,256,128,3,0.01,6.249320972709354
False,0.1,256,128,3,0.1,6.116366753302316
False,0.1,256,128,3,0.05,6.116366753302316
False,0.1,256,128,3,0.01,6.146057111331887
True,0.01,256,256,3,0.1,6.012187994476882
True,0.01,256,256,3,0.05,6.095803723977226
True,0.01,256,256,3,0.01,6.193102629488667
False,0.01,256,256,3,0.1,6.298785213097625
False,0.01,256,256,3,0.05,6.298785213097625
False,0.01,256,256,3,0.01,6.298785213097625
True,0.05,256,256,3,0.1,5.893999508896004
True,0.05,256,256,3,0.05,6.03131008499333
True,0.05,256,256,3,0.01,6.176911009982891
False,0.05,256,256,3,0.1,6.127693792780291
False,0.05,256,256,3,0.05,6.127693792780291
False,0.05,256,256,3,0.01,6.127693792780291
True,0.1,256,256,3,0.1,5.862631527204432
True,0.1,256,256,3,0.05,6.012918804482015
True,0.1,256,256,3,0.01,6.172923992936164
False,0.1,256,256,3,0.1,6.031437624722424
False,0.1,256,256,3,0.05,6.031437624722424
False,0.1,256,256,3,0.01,6.062103930166654
True,0.01,256,512,3,0.1,6.020852119644247
True,0.01,256,512,3,0.05,6.09701637708764
True,0.01,256,512,3,0.01,6.1847450271401465
False,0.01,256,512,3,0.1,6.269719729816903
False,0.01,256,512,3,0.05,6.269719729816903
False,0.01,256,512,3,0.01,6.269719729816903
True,0.05,256,512,3,0.1,5.898526070272747
True,0.05,256,512,3,0.05,6.025231717413433
True,0.05,256,512,3,0.01,6.16298739609658
False,0.05,256,512,3,0.1,6.102078021183245
False,0.05,256,512,3,0.05,6.102078021183245
False,0.05,256,512,3,0.01,6.102078021183245
True,0.1,256,512,3,0.1,5.862443337929479
True,0.1,256,512,3,0.05,6.0069935576557905
True,0.1,256,512,3,0.01,6.159715058257641
False,0.1,256,512,3,0.1,5.9993894034567825
False,0.1,256,512,3,0.05,5.9993894034567825
False,0.1,256,512,3,0.01,6.030417794678206
